data,plataforma,campanha,investimento,impressoes,cliques,conversoes,receita
2026-08-01,Google Ads,Search - Marca,88.68,2293,181,9,1244.83
2026-08-01,Google Ads,Search - Genérico,170.3,5217,202,6,1190.02
2026-08-01,Google Ads,Performance Max,131.82,3616,66,2,198.6
2026-08-01,LinkedIn Ads,Lead Gen - Decisores,140.8,839,8,2,1119.14
2026-08-01,LinkedIn Ads,Conteúdo - Awareness,55.61,342,1,0,0.0
2026-08-01,Meta Ads,Remarketing - Site,63.99,3063,41,5,980.1
2026-08-01,Meta Ads,Lead Ads - Lookalike,116.81,5470,64,3,672.4
2026-08-02,Google Ads,Search - Marca,73.31,1973,182,5,1045.35
2026-08-02,Google Ads,Search - Genérico,212.06,6012,223,2,414.68
2026-08-02,Google Ads,Performance Max,118.88,3327,54,2,197.64
2026-08-02,LinkedIn Ads,Lead Gen - Decisores,128.18,818,7,0,0.0
2026-08-02,LinkedIn Ads,Conteúdo - Awareness,52.9,343,1,0,0.0
2026-08-02,Meta Ads,Remarketing - Site,60.95,2612,36,0,0.0
2026-08-02,Meta Ads,Lead Ads - Lookalike,108.11,5216,63,7,776.46
2026-08-03,Google Ads,Search - Marca,96.9,3001,282,11,2275.32
2026-08-03,Google Ads,Search - Genérico,259.61,7413,350,3,598.76
2026-08-03,Google Ads,Performance Max,156.6,4816,78,2,198.74
2026-08-03,LinkedIn Ads,Lead Gen - Decisores,225.65,1286,14,3,1163.14
2026-08-03,LinkedIn Ads,Conteúdo - Awareness,88.65,588,3,0,0.0
2026-08-03,Meta Ads,Remarketing - Site,65.45,2882,35,3,430.77
2026-08-03,Meta Ads,Lead Ads - Lookalike,176.24,8371,81,5,860.24
2026-08-04,Google Ads,Search - Marca,107.64,3139,243,12,2028.47
2026-08-04,Google Ads,Search - Genérico,282.38,8534,312,8,772.39
2026-08-04,Google Ads,Performance Max,208.65,6503,116,2,252.94
2026-08-04,LinkedIn Ads,Lead Gen - Decisores,230.8,1432,16,2,1418.13
2026-08-04,LinkedIn Ads,Conteúdo - Awareness,75.74,476,2,0,0.0
2026-08-04,Meta Ads,Remarketing - Site,86.77,3623,57,2,213.35
2026-08-04,Meta Ads,Lead Ads - Lookalike,169.82,8464,82,7,1663.61
2026-08-05,Google Ads,Search - Marca,123.05,3560,274,12,1583.65
2026-08-05,Google Ads,Search - Genérico,225.01,6935,313,7,1015.64
2026-08-05,Google Ads,Performance Max,201.69,5702,113,1,152.73
2026-08-05,LinkedIn Ads,Lead Gen - Decisores,178.22,1034,11,1,409.19
2026-08-05,LinkedIn Ads,Conteúdo - Awareness,103.25,676,3,0,0.0
2026-08-05,Meta Ads,Remarketing - Site,89.56,3898,57,1,135.58
2026-08-05,Meta Ads,Lead Ads - Lookalike,165.16,7553,95,6,885.94
2026-08-06,Google Ads,Search - Marca,131.92,4073,329,17,3490.93
2026-08-06,Google Ads,Search - Genérico,255.72,7248,312,10,1470.32
2026-08-06,Google Ads,Performance Max,186.93,5203,82,2,313.92
2026-08-06,LinkedIn Ads,Lead Gen - Decisores,258.57,1588,16,3,2158.84
2026-08-06,LinkedIn Ads,Conteúdo - Awareness,86.95,500,2,0,0.0
2026-08-06,Meta Ads,Remarketing - Site,92.25,3913,49,2,415.59
2026-08-06,Meta Ads,Lead Ads - Lookalike,163.41,7863,78,7,788.45
2026-08-07,Google Ads,Search - Marca,141.55,4389,414,27,3859.21
2026-08-07,Google Ads,Search - Genérico,220.24,5851,229,4,423.62
2026-08-07,Google Ads,Performance Max,164.23,5028,77,2,405.24
2026-08-07,LinkedIn Ads,Lead Gen - Decisores,233.78,1559,19,2,1459.09
2026-08-07,LinkedIn Ads,Conteúdo - Awareness,83.64,487,2,0,0.0
2026-08-07,Meta Ads,Remarketing - Site,65.92,3269,42,1,161.09
2026-08-07,Meta Ads,Lead Ads - Lookalike,157.94,7837,75,7,1063.79
2026-08-08,Google Ads,Search - Marca,71.26,1889,156,12,1748.59
2026-08-08,Google Ads,Search - Genérico,191.71,5872,214,2,291.23
2026-08-08,Google Ads,Performance Max,102.15,2628,43,0,0.0
2026-08-08,LinkedIn Ads,Lead Gen - Decisores,174.13,1128,11,2,818.32
2026-08-08,LinkedIn Ads,Conteúdo - Awareness,54.29,320,1,0,0.0
2026-08-08,Meta Ads,Remarketing - Site,63.42,2897,40,2,429.06
2026-08-08,Meta Ads,Lead Ads - Lookalike,122.64,5246,64,2,233.8
2026-08-09,Google Ads,Search - Marca,72.02,2016,176,8,1008.26
2026-08-09,Google Ads,Search - Genérico,177.3,4881,225,3,403.52
2026-08-09,Google Ads,Performance Max,149.59,4324,79,1,168.74
2026-08-09,LinkedIn Ads,Lead Gen - Decisores,181.78,1096,12,3,1336.34
2026-08-09,LinkedIn Ads,Conteúdo - Awareness,74.72,501,2,0,0.0
2026-08-09,Meta Ads,Remarketing - Site,51.18,2443,35,1,231.41
2026-08-09,Meta Ads,Lead Ads - Lookalike,119.34,5449,56,5,671.46
2026-08-10,Google Ads,Search - Marca,127.13,3741,311,16,2302.22
2026-08-10,Google Ads,Search - Genérico,298.1,8219,376,14,1896.59
2026-08-10,Google Ads,Performance Max,200.69,5287,107,1,159.59
2026-08-10,LinkedIn Ads,Lead Gen - Decisores,233.67,1452,16,1,460.6
2026-08-10,LinkedIn Ads,Conteúdo - Awareness,88.2,557,2,0,0.0
2026-08-10,Meta Ads,Remarketing - Site,64.31,3104,47,2,343.91
2026-08-10,Meta Ads,Lead Ads - Lookalike,124.13,6155,75,2,363.56
2026-08-11,Google Ads,Search - Marca,107.63,3351,254,11,2217.62
2026-08-11,Google Ads,Search - Genérico,249.39,6851,329,9,1831.91
2026-08-11,Google Ads,Performance Max,181.4,5475,103,2,406.0
2026-08-11,LinkedIn Ads,Lead Gen - Decisores,253.56,1684,17,3,2132.35
2026-08-11,LinkedIn Ads,Conteúdo - Awareness,89.27,559,3,0,0.0
2026-08-11,Meta Ads,Remarketing - Site,93.15,4442,66,2,332.8
2026-08-11,Meta Ads,Lead Ads - Lookalike,170.36,7219,75,4,590.4
2026-08-12,Google Ads,Search - Marca,108.92,2975,241,15,3029.57
2026-08-12,Google Ads,Search - Genérico,223.46,6583,261,5,543.44
2026-08-12,Google Ads,Performance Max,177.84,5223,88,4,414.42
2026-08-12,LinkedIn Ads,Lead Gen - Decisores,191.47,1179,11,0,0.0
2026-08-12,LinkedIn Ads,Conteúdo - Awareness,75.74,487,2,0,0.0
2026-08-12,Meta Ads,Remarketing - Site,93.67,3916,53,3,526.79
2026-08-12,Meta Ads,Lead Ads - Lookalike,157.89,7584,92,6,1207.13
2026-08-13,Google Ads,Search - Marca,138.59,3786,311,14,1836.7
2026-08-13,Google Ads,Search - Genérico,271.69,7659,317,6,1223.93
2026-08-13,Google Ads,Performance Max,187.07,5464,85,1,107.04
2026-08-13,LinkedIn Ads,Lead Gen - Decisores,262.06,1702,19,5,3099.72
2026-08-13,LinkedIn Ads,Conteúdo - Awareness,84.52,478,2,0,0.0
2026-08-13,Meta Ads,Remarketing - Site,89.93,4161,62,1,111.94
2026-08-13,Meta Ads,Lead Ads - Lookalike,126.87,5234,60,4,894.65
2026-08-14,Google Ads,Search - Marca,121.33,3155,265,10,1334.52
2026-08-14,Google Ads,Search - Genérico,228.64,6084,258,8,1510.39
2026-08-14,Google Ads,Performance Max,206.15,6393,132,3,438.06
2026-08-14,LinkedIn Ads,Lead Gen - Decisores,192.38,1087,13,0,0.0
2026-08-14,LinkedIn Ads,Conteúdo - Awareness,90.25,555,3,1,605.86
2026-08-14,Meta Ads,Remarketing - Site,93.52,4579,73,2,401.06
2026-08-14,Meta Ads,Lead Ads - Lookalike,170.05,7675,73,4,462.86
2026-08-15,Google Ads,Search - Marca,79.73,2116,205,10,1804.29
2026-08-15,Google Ads,Search - Genérico,153.74,4101,167,2,307.3
2026-08-15,Google Ads,Performance Max,105.99,2907,54,1,95.52
2026-08-15,LinkedIn Ads,Lead Gen - Decisores,163.82,1062,13,3,2196.35
2026-08-15,LinkedIn Ads,Conteúdo - Awareness,60.83,353,1,0,0.0
2026-08-15,Meta Ads,Remarketing - Site,46.77,2017,28,3,536.93
2026-08-15,Meta Ads,Lead Ads - Lookalike,122.35,5574,52,4,505.46
2026-08-16,Google Ads,Search - Marca,93.17,2505,192,8,1336.6
2026-08-16,Google Ads,Search - Genérico,215.83,5705,219,4,796.24
2026-08-16,Google Ads,Performance Max,136.09,3935,76,1,145.83
2026-08-16,LinkedIn Ads,Lead Gen - Decisores,158.57,902,10,2,1374.73
2026-08-16,LinkedIn Ads,Conteúdo - Awareness,52.05,339,1,0,0.0
2026-08-16,Meta Ads,Remarketing - Site,60.78,2757,40,1,153.06
2026-08-16,Meta Ads,Lead Ads - Lookalike,88.03,3885,45,6,1308.05
2026-08-17,Google Ads,Search - Marca,110.96,3038,246,8,1424.11
2026-08-17,Google Ads,Search - Genérico,254.16,7099,285,9,836.44
2026-08-17,Google Ads,Performance Max,154.04,4239,87,3,369.44
2026-08-17,LinkedIn Ads,Lead Gen - Decisores,188.59,1260,12,1,670.0
2026-08-17,LinkedIn Ads,Conteúdo - Awareness,106.48,678,3,0,0.0
2026-08-17,Meta Ads,Remarketing - Site,73.04,3512,48,3,413.71
2026-08-17,Meta Ads,Lead Ads - Lookalike,165.28,8222,86,8,1042.63
2026-08-18,Google Ads,Search - Marca,112.03,3200,289,23,2403.99
2026-08-18,Google Ads,Search - Genérico,224.85,6514,287,5,625.89
2026-08-18,Google Ads,Performance Max,205.81,5619,113,4,606.03
2026-08-18,LinkedIn Ads,Lead Gen - Decisores,217.99,1480,18,3,1153.32
2026-08-18,LinkedIn Ads,Conteúdo - Awareness,90.61,523,2,0,0.0
2026-08-18,Meta Ads,Remarketing - Site,88.94,4227,60,2,482.37
2026-08-18,Meta Ads,Lead Ads - Lookalike,179.48,7425,83,5,975.42
2026-08-19,Google Ads,Search - Marca,129.6,3403,298,14,2229.97
2026-08-19,Google Ads,Search - Genérico,279.81,7670,327,6,593.4
2026-08-19,Google Ads,Performance Max,182.81,4788,86,2,368.43
2026-08-19,LinkedIn Ads,Lead Gen - Decisores,209.03,1186,13,2,897.38
2026-08-19,LinkedIn Ads,Conteúdo - Awareness,74.32,442,1,0,0.0
2026-08-19,Meta Ads,Remarketing - Site,90.72,3813,54,2,216.51
2026-08-19,Meta Ads,Lead Ads - Lookalike,125.08,5545,59,2,301.68
2026-08-20,Google Ads,Search - Marca,114.69,3251,276,14,2848.18
2026-08-20,Google Ads,Search - Genérico,247.02,6430,282,7,1251.06
2026-08-20,Google Ads,Performance Max,204.97,6195,122,1,178.9
2026-08-20,LinkedIn Ads,Lead Gen - Decisores,234.9,1480,15,2,1536.97
2026-08-20,LinkedIn Ads,Conteúdo - Awareness,103.77,589,3,0,0.0
2026-08-20,Meta Ads,Remarketing - Site,94.67,3985,62,6,1026.2
2026-08-20,Meta Ads,Lead Ads - Lookalike,151.12,6301,68,0,0.0
2026-08-21,Google Ads,Search - Marca,141.21,4091,322,19,3522.84
2026-08-21,Google Ads,Search - Genérico,213.26,6201,273,6,1163.74
2026-08-21,Google Ads,Performance Max,177.24,5115,80,1,127.29
2026-08-21,LinkedIn Ads,Lead Gen - Decisores,213.28,1296,15,2,1471.95
2026-08-21,LinkedIn Ads,Conteúdo - Awareness,102.75,601,2,0,0.0
2026-08-21,Meta Ads,Remarketing - Site,74.69,3468,44,1,106.91
2026-08-21,Meta Ads,Lead Ads - Lookalike,168.11,7559,95,7,1507.08
2026-08-22,Google Ads,Search - Marca,92.07,2638,238,16,2577.06
2026-08-22,Google Ads,Search - Genérico,214.03,6036,228,6,1201.66
2026-08-22,Google Ads,Performance Max,104.78,2760,45,3,495.67
2026-08-22,LinkedIn Ads,Lead Gen - Decisores,179.25,1222,15,3,1911.76
2026-08-22,LinkedIn Ads,Conteúdo - Awareness,66.63,407,1,0,0.0
2026-08-22,Meta Ads,Remarketing - Site,46.12,2115,31,2,239.62
2026-08-22,Meta Ads,Lead Ads - Lookalike,106.56,4537,43,3,492.87
2026-08-23,Google Ads,Search - Marca,72.83,1892,182,9,1137.45
2026-08-23,Google Ads,Search - Genérico,166.49,5007,194,2,276.07
2026-08-23,Google Ads,Performance Max,117.13,3137,55,0,0.0
2026-08-23,LinkedIn Ads,Lead Gen - Decisores,136.33,806,7,0,0.0
2026-08-23,LinkedIn Ads,Conteúdo - Awareness,59.56,370,1,0,0.0
2026-08-23,Meta Ads,Remarketing - Site,62.31,2676,34,2,283.4
2026-08-23,Meta Ads,Lead Ads - Lookalike,120.1,5764,62,2,441.89
2026-08-24,Google Ads,Search - Marca,118.73,3300,243,14,1579.73
2026-08-24,Google Ads,Search - Genérico,268.56,7869,364,9,1498.83
2026-08-24,Google Ads,Performance Max,164.29,5041,97,3,433.76
2026-08-24,LinkedIn Ads,Lead Gen - Decisores,197.81,1249,15,2,1419.19
2026-08-24,LinkedIn Ads,Conteúdo - Awareness,74.28,462,2,0,0.0
2026-08-24,Meta Ads,Remarketing - Site,94.49,4279,57,3,514.58
2026-08-24,Meta Ads,Lead Ads - Lookalike,165.89,7407,83,3,634.1
2026-08-25,Google Ads,Search - Marca,115.36,3356,316,12,1922.69
2026-08-25,Google Ads,Search - Genérico,230.99,6981,257,7,720.62
2026-08-25,Google Ads,Performance Max,203.65,5296,86,3,557.22
2026-08-25,LinkedIn Ads,Lead Gen - Decisores,217.75,1273,14,4,3260.2
2026-08-25,LinkedIn Ads,Conteúdo - Awareness,101.78,618,3,0,0.0
2026-08-25,Meta Ads,Remarketing - Site,67.53,3349,47,3,411.79
2026-08-25,Meta Ads,Lead Ads - Lookalike,152.42,6941,71,8,1416.86
2026-08-26,Google Ads,Search - Marca,128.85,3496,263,13,1486.11
2026-08-26,Google Ads,Search - Genérico,214.5,6372,235,8,939.14
2026-08-26,Google Ads,Performance Max,145.15,3886,68,2,337.5
2026-08-26,LinkedIn Ads,Lead Gen - Decisores,204.31,1264,14,3,1659.52
2026-08-26,LinkedIn Ads,Conteúdo - Awareness,102.14,632,2,0,0.0
2026-08-26,Meta Ads,Remarketing - Site,68.71,2875,43,2,435.74
2026-08-26,Meta Ads,Lead Ads - Lookalike,124.82,6154,66,3,441.57
2026-08-27,Google Ads,Search - Marca,96.13,2883,281,14,2899.04
2026-08-27,Google Ads,Search - Genérico,298.51,8342,320,11,1112.96
2026-08-27,Google Ads,Performance Max,144.11,4479,87,5,693.04
2026-08-27,LinkedIn Ads,Lead Gen - Decisores,247.84,1612,16,4,2284.06
2026-08-27,LinkedIn Ads,Conteúdo - Awareness,85.22,579,3,0,0.0
2026-08-27,Meta Ads,Remarketing - Site,92.07,4193,52,2,420.42
2026-08-27,Meta Ads,Lead Ads - Lookalike,164.09,8003,85,5,1140.54
2026-08-28,Google Ads,Search - Marca,100.09,2950,231,17,2705.48
2026-08-28,Google Ads,Search - Genérico,303.98,8447,405,12,1852.53
2026-08-28,Google Ads,Performance Max,206.63,5633,86,3,490.13
2026-08-28,LinkedIn Ads,Lead Gen - Decisores,223.05,1263,14,1,763.54
2026-08-28,LinkedIn Ads,Conteúdo - Awareness,84.12,489,2,0,0.0
2026-08-28,Meta Ads,Remarketing - Site,64.42,2821,34,4,527.08
2026-08-28,Meta Ads,Lead Ads - Lookalike,138.73,5726,55,1,170.62
2026-08-29,Google Ads,Search - Marca,84.02,2302,174,8,791.66
2026-08-29,Google Ads,Search - Genérico,148.33,4355,203,2,260.29
2026-08-29,Google Ads,Performance Max,104.0,3103,50,3,303.16
2026-08-29,LinkedIn Ads,Lead Gen - Decisores,127.2,751,8,3,2046.8
2026-08-29,LinkedIn Ads,Conteúdo - Awareness,66.3,399,1,0,0.0
2026-08-29,Meta Ads,Remarketing - Site,45.98,2149,31,6,845.12
2026-08-29,Meta Ads,Lead Ads - Lookalike,115.02,5297,49,4,660.46
2026-08-30,Google Ads,Search - Marca,76.19,2283,207,9,1447.54
2026-08-30,Google Ads,Search - Genérico,193.48,5828,211,4,453.24
2026-08-30,Google Ads,Performance Max,149.55,4651,94,3,591.72
2026-08-30,LinkedIn Ads,Lead Gen - Decisores,128.31,772,8,3,1109.51
2026-08-30,LinkedIn Ads,Conteúdo - Awareness,57.46,357,1,0,0.0
2026-08-30,Meta Ads,Remarketing - Site,63.81,2782,36,3,408.08
2026-08-30,Meta Ads,Lead Ads - Lookalike,90.06,4335,50,5,559.12
2026-08-31,Google Ads,Search - Marca,123.67,3634,282,12,2306.62
2026-08-31,Google Ads,Search - Genérico,274.57,7457,352,11,1049.21
2026-08-31,Google Ads,Performance Max,181.92,5699,94,2,200.55
2026-08-31,LinkedIn Ads,Lead Gen - Decisores,210.78,1400,13,2,1181.06
2026-08-31,LinkedIn Ads,Conteúdo - Awareness,77.48,467,2,0,0.0
2026-08-31,Meta Ads,Remarketing - Site,70.01,3218,51,4,440.23
2026-08-31,Meta Ads,Lead Ads - Lookalike,136.51,6294,78,3,676.48
2026-09-01,Google Ads,Search - Marca,134.95,3834,328,20,2333.43
2026-09-01,Google Ads,Search - Genérico,295.47,7999,342,4,365.38
2026-09-01,Google Ads,Performance Max,210.23,5773,108,2,237.15
2026-09-01,LinkedIn Ads,Lead Gen - Decisores,194.36,1183,14,2,1036.58
2026-09-01,LinkedIn Ads,Conteúdo - Awareness,72.75,433,2,0,0.0
2026-09-01,Meta Ads,Remarketing - Site,95.17,4630,67,3,620.75
2026-09-01,Meta Ads,Lead Ads - Lookalike,145.34,5972,57,4,648.03
2026-09-02,Google Ads,Search - Marca,122.85,3195,262,16,1668.34
2026-09-02,Google Ads,Search - Genérico,265.24,7317,342,6,626.62
2026-09-02,Google Ads,Performance Max,197.87,5221,97,2,391.07
2026-09-02,LinkedIn Ads,Lead Gen - Decisores,259.53,1774,20,1,652.56
2026-09-02,LinkedIn Ads,Conteúdo - Awareness,101.96,679,3,0,0.0
2026-09-02,Meta Ads,Remarketing - Site,67.2,3057,42,0,0.0
2026-09-02,Meta Ads,Lead Ads - Lookalike,156.75,7691,84,1,204.91
2026-09-03,Google Ads,Search - Marca,123.45,3876,331,15,1517.8
2026-09-03,Google Ads,Search - Genérico,248.78,7166,276,4,554.76
2026-09-03,Google Ads,Performance Max,193.0,5456,91,3,519.52
2026-09-03,LinkedIn Ads,Lead Gen - Decisores,191.65,1234,15,0,0.0
2026-09-03,LinkedIn Ads,Conteúdo - Awareness,90.68,528,3,0,0.0
2026-09-03,Meta Ads,Remarketing - Site,86.75,3791,59,2,380.91
2026-09-03,Meta Ads,Lead Ads - Lookalike,133.37,6642,75,3,398.21
2026-09-04,Google Ads,Search - Marca,135.71,4130,308,17,2451.28
2026-09-04,Google Ads,Search - Genérico,296.19,9230,350,12,1550.45
2026-09-04,Google Ads,Performance Max,149.31,3899,71,0,0.0
2026-09-04,LinkedIn Ads,Lead Gen - Decisores,197.46,1166,13,2,1298.4
2026-09-04,LinkedIn Ads,Conteúdo - Awareness,88.6,527,2,0,0.0
2026-09-04,Meta Ads,Remarketing - Site,69.97,2980,43,1,128.56
2026-09-04,Meta Ads,Lead Ads - Lookalike,144.75,7087,88,4,917.29
2026-09-05,Google Ads,Search - Marca,88.34,2436,185,14,2530.94
2026-09-05,Google Ads,Search - Genérico,209.53,6177,295,8,1471.87
2026-09-05,Google Ads,Performance Max,131.51,3466,68,1,96.34
2026-09-05,LinkedIn Ads,Lead Gen - Decisores,149.93,870,9,1,430.38
2026-09-05,LinkedIn Ads,Conteúdo - Awareness,60.51,394,2,0,0.0
2026-09-05,Meta Ads,Remarketing - Site,44.83,1913,26,2,398.23
2026-09-05,Meta Ads,Lead Ads - Lookalike,95.34,4627,55,9,2192.09
2026-09-06,Google Ads,Search - Marca,72.98,2252,189,6,1233.04
2026-09-06,Google Ads,Search - Genérico,177.27,5262,209,1,117.94
2026-09-06,Google Ads,Performance Max,120.51,3640,72,1,162.98
2026-09-06,LinkedIn Ads,Lead Gen - Decisores,163.86,997,11,0,0.0
2026-09-06,LinkedIn Ads,Conteúdo - Awareness,60.15,380,1,0,0.0
2026-09-06,Meta Ads,Remarketing - Site,52.97,2595,40,0,0.0
2026-09-06,Meta Ads,Lead Ads - Lookalike,114.61,5400,54,2,326.48
2026-09-07,Google Ads,Search - Marca,104.91,2841,264,16,2393.36
2026-09-07,Google Ads,Search - Genérico,223.58,6031,255,8,1267.81
2026-09-07,Google Ads,Performance Max,208.03,5961,99,1,187.19
2026-09-07,LinkedIn Ads,Lead Gen - Decisores,239.14,1591,18,4,1979.39
2026-09-07,LinkedIn Ads,Conteúdo - Awareness,86.35,568,2,0,0.0
2026-09-07,Meta Ads,Remarketing - Site,93.5,4054,51,2,216.4
2026-09-07,Meta Ads,Lead Ads - Lookalike,129.9,6015,63,5,627.53
2026-09-08,Google Ads,Search - Marca,134.72,3824,296,16,2264.05
2026-09-08,Google Ads,Search - Genérico,223.67,5898,231,4,421.2
2026-09-08,Google Ads,Performance Max,159.35,4737,85,0,0.0
2026-09-08,LinkedIn Ads,Lead Gen - Decisores,250.1,1552,14,1,603.16
2026-09-08,LinkedIn Ads,Conteúdo - Awareness,102.16,635,3,0,0.0
2026-09-08,Meta Ads,Remarketing - Site,75.72,3504,49,4,745.38
2026-09-08,Meta Ads,Lead Ads - Lookalike,175.68,8558,94,4,785.32
2026-09-09,Google Ads,Search - Marca,134.37,3592,331,25,4093.02
2026-09-09,Google Ads,Search - Genérico,227.67,6982,298,8,1249.79
2026-09-09,Google Ads,Performance Max,187.0,4907,84,3,406.39
2026-09-09,LinkedIn Ads,Lead Gen - Decisores,245.87,1616,19,3,1463.46
2026-09-09,LinkedIn Ads,Conteúdo - Awareness,92.17,534,2,0,0.0
2026-09-09,Meta Ads,Remarketing - Site,81.86,3549,56,1,150.61
2026-09-09,Meta Ads,Lead Ads - Lookalike,157.89,6592,82,8,1013.6
2026-09-10,Google Ads,Search - Marca,109.6,2870,216,13,1476.24
2026-09-10,Google Ads,Search - Genérico,222.14,6588,290,3,407.87
2026-09-10,Google Ads,Performance Max,147.0,4290,75,1,136.27
2026-09-10,LinkedIn Ads,Lead Gen - Decisores,254.05,1532,17,7,3872.88
2026-09-10,LinkedIn Ads,Conteúdo - Awareness,103.6,682,3,0,0.0
2026-09-10,Meta Ads,Remarketing - Site,64.4,2707,42,3,437.69
2026-09-10,Meta Ads,Lead Ads - Lookalike,161.29,6628,80,4,863.73
2026-09-11,Google Ads,Search - Marca,115.18,3476,291,16,1481.6
2026-09-11,Google Ads,Search - Genérico,286.63,7878,356,9,1884.36
2026-09-11,Google Ads,Performance Max,176.89,5287,84,2,258.68
2026-09-11,LinkedIn Ads,Lead Gen - Decisores,230.62,1522,17,6,4909.66
2026-09-11,LinkedIn Ads,Conteúdo - Awareness,98.43,568,2,1,660.13
2026-09-11,Meta Ads,Remarketing - Site,77.54,3630,51,1,183.36
2026-09-11,Meta Ads,Lead Ads - Lookalike,172.62,7720,85,5,1135.62
2026-09-12,Google Ads,Search - Marca,98.01,2974,231,10,1456.77
2026-09-12,Google Ads,Search - Genérico,184.47,4891,232,6,1199.52
2026-09-12,Google Ads,Performance Max,110.29,3309,54,1,139.42
2026-09-12,LinkedIn Ads,Lead Gen - Decisores,125.77,853,10,1,364.18
2026-09-12,LinkedIn Ads,Conteúdo - Awareness,54.43,372,1,0,0.0
2026-09-12,Meta Ads,Remarketing - Site,52.71,2596,37,4,799.05
2026-09-12,Meta Ads,Lead Ads - Lookalike,112.04,5408,54,4,801.93
2026-09-13,Google Ads,Search - Marca,82.91,2223,198,10,1949.61
2026-09-13,Google Ads,Search - Genérico,200.49,5650,218,4,627.17
2026-09-13,Google Ads,Performance Max,109.97,2964,51,0,0.0
2026-09-13,LinkedIn Ads,Lead Gen - Decisores,137.98,776,8,0,0.0
2026-09-13,LinkedIn Ads,Conteúdo - Awareness,67.72,400,1,0,0.0
2026-09-13,Meta Ads,Remarketing - Site,48.64,2133,27,2,465.68
2026-09-13,Meta Ads,Lead Ads - Lookalike,109.5,5356,52,4,889.36
2026-09-14,Google Ads,Search - Marca,102.55,2866,253,8,959.51
2026-09-14,Google Ads,Search - Genérico,275.89,8479,324,9,1876.92
2026-09-14,Google Ads,Performance Max,146.22,3947,68,0,0.0
2026-09-14,LinkedIn Ads,Lead Gen - Decisores,192.69,1289,15,0,0.0
2026-09-14,LinkedIn Ads,Conteúdo - Awareness,92.97,533,2,0,0.0
2026-09-14,Meta Ads,Remarketing - Site,70.0,3465,49,6,1116.62
2026-09-14,Meta Ads,Lead Ads - Lookalike,161.79,7129,82,10,1226.19
2026-09-15,Google Ads,Search - Marca,127.69,3748,333,13,2155.43
2026-09-15,Google Ads,Search - Genérico,253.04,7950,309,10,1337.51
2026-09-15,Google Ads,Performance Max,201.01,6290,107,1,193.37
2026-09-15,LinkedIn Ads,Lead Gen - Decisores,186.83,1220,12,0,0.0
2026-09-15,LinkedIn Ads,Conteúdo - Awareness,79.42,473,2,0,0.0
2026-09-15,Meta Ads,Remarketing - Site,68.77,3353,41,1,157.78
2026-09-15,Meta Ads,Lead Ads - Lookalike,167.6,6927,67,3,680.76
2026-09-16,Google Ads,Search - Marca,118.62,3113,235,17,3262.7
2026-09-16,Google Ads,Search - Genérico,239.53,7428,318,7,1019.17
2026-09-16,Google Ads,Performance Max,192.64,5701,102,3,342.31
2026-09-16,LinkedIn Ads,Lead Gen - Decisores,188.77,1280,15,4,2909.08
2026-09-16,LinkedIn Ads,Conteúdo - Awareness,104.11,611,3,0,0.0
2026-09-16,Meta Ads,Remarketing - Site,83.34,3685,46,1,178.68
2026-09-16,Meta Ads,Lead Ads - Lookalike,130.37,6074,64,5,905.06
2026-09-17,Google Ads,Search - Marca,127.22,3504,254,10,1651.99
2026-09-17,Google Ads,Search - Genérico,222.76,6392,298,10,1815.48
2026-09-17,Google Ads,Performance Max,163.46,4947,87,3,593.12
2026-09-17,LinkedIn Ads,Lead Gen - Decisores,232.86,1370,13,3,1367.58
2026-09-17,LinkedIn Ads,Conteúdo - Awareness,95.55,632,3,1,551.05
2026-09-17,Meta Ads,Remarketing - Site,72.95,3526,44,1,214.45
2026-09-17,Meta Ads,Lead Ads - Lookalike,179.59,7585,94,7,1323.15
2026-09-18,Google Ads,Search - Marca,117.82,3064,258,10,1727.33
2026-09-18,Google Ads,Search - Genérico,248.65,6602,306,7,1284.41
2026-09-18,Google Ads,Performance Max,145.98,4216,68,1,122.44
2026-09-18,LinkedIn Ads,Lead Gen - Decisores,261.69,1569,16,0,0.0
2026-09-18,LinkedIn Ads,Conteúdo - Awareness,76.66,509,2,0,0.0
2026-09-18,Meta Ads,Remarketing - Site,75.06,3445,50,1,225.97
2026-09-18,Meta Ads,Lead Ads - Lookalike,124.71,6091,63,10,2379.17
2026-09-19,Google Ads,Search - Marca,83.47,2511,227,5,533.74
2026-09-19,Google Ads,Search - Genérico,181.34,5098,200,5,1049.36
2026-09-19,Google Ads,Performance Max,101.14,3146,60,0,0.0
2026-09-19,LinkedIn Ads,Lead Gen - Decisores,148.22,978,11,0,0.0
2026-09-19,LinkedIn Ads,Conteúdo - Awareness,58.38,353,1,0,0.0
2026-09-19,Meta Ads,Remarketing - Site,64.17,3067,41,3,484.85
2026-09-19,Meta Ads,Lead Ads - Lookalike,117.22,4815,53,4,423.05
2026-09-20,Google Ads,Search - Marca,82.28,2338,183,9,1395.29
2026-09-20,Google Ads,Search - Genérico,158.7,4359,176,6,1170.91
2026-09-20,Google Ads,Performance Max,133.87,4131,81,2,230.8
2026-09-20,LinkedIn Ads,Lead Gen - Decisores,155.48,1053,12,1,593.57
2026-09-20,LinkedIn Ads,Conteúdo - Awareness,74.35,427,2,0,0.0
2026-09-20,Meta Ads,Remarketing - Site,48.54,2414,37,2,462.83
2026-09-20,Meta Ads,Lead Ads - Lookalike,111.89,4883,49,2,372.29
2026-09-21,Google Ads,Search - Marca,115.7,3293,290,8,1243.53
2026-09-21,Google Ads,Search - Genérico,231.35,6619,266,9,1551.48
2026-09-21,Google Ads,Performance Max,215.73,6098,101,0,0.0
2026-09-21,LinkedIn Ads,Lead Gen - Decisores,217.06,1262,14,3,2104.83
2026-09-21,LinkedIn Ads,Conteúdo - Awareness,93.22,606,3,0,0.0
2026-09-21,Meta Ads,Remarketing - Site,66.67,2766,42,2,404.35
2026-09-21,Meta Ads,Lead Ads - Lookalike,135.36,6507,62,6,1114.29
2026-09-22,Google Ads,Search - Marca,137.63,4128,300,20,2611.02
2026-09-22,Google Ads,Search - Genérico,229.52,6764,243,5,650.14
2026-09-22,Google Ads,Performance Max,144.81,3877,78,5,855.83
2026-09-22,LinkedIn Ads,Lead Gen - Decisores,231.85,1327,15,2,1206.73
2026-09-22,LinkedIn Ads,Conteúdo - Awareness,85.85,557,2,0,0.0
2026-09-22,Meta Ads,Remarketing - Site,89.93,4191,60,4,685.4
2026-09-22,Meta Ads,Lead Ads - Lookalike,164.15,8043,85,6,642.07
2026-09-23,Google Ads,Search - Marca,103.67,3206,287,18,3223.62
2026-09-23,Google Ads,Search - Genérico,271.16,8335,360,6,736.47
2026-09-23,Google Ads,Performance Max,166.28,5193,96,1,150.91
2026-09-23,LinkedIn Ads,Lead Gen - Decisores,207.39,1283,13,4,1992.06
2026-09-23,LinkedIn Ads,Conteúdo - Awareness,92.92,596,3,0,0.0
2026-09-23,Meta Ads,Remarketing - Site,69.37,2931,42,2,420.31
2026-09-23,Meta Ads,Lead Ads - Lookalike,120.69,4942,58,4,605.38
2026-09-24,Google Ads,Search - Marca,126.23,3573,291,13,1215.5
2026-09-24,Google Ads,Search - Genérico,273.12,7533,328,13,1887.92
2026-09-24,Google Ads,Performance Max,189.18,5594,100,2,322.35
2026-09-24,LinkedIn Ads,Lead Gen - Decisores,205.2,1194,11,0,0.0
2026-09-24,LinkedIn Ads,Conteúdo - Awareness,97.75,600,2,0,0.0
2026-09-24,Meta Ads,Remarketing - Site,79.38,3578,47,1,208.12
2026-09-24,Meta Ads,Lead Ads - Lookalike,165.9,8278,86,6,829.21
2026-09-25,Google Ads,Search - Marca,132.66,4089,395,25,5077.33
2026-09-25,Google Ads,Search - Genérico,218.9,6553,273,8,825.18
2026-09-25,Google Ads,Performance Max,208.67,5736,114,5,648.66
2026-09-25,LinkedIn Ads,Lead Gen - Decisores,188.51,1081,11,0,0.0
2026-09-25,LinkedIn Ads,Conteúdo - Awareness,93.83,535,2,0,0.0
2026-09-25,Meta Ads,Remarketing - Site,66.7,3115,41,1,235.39
2026-09-25,Meta Ads,Lead Ads - Lookalike,144.53,6029,63,2,287.6
2026-09-26,Google Ads,Search - Marca,77.91,2083,178,8,950.46
2026-09-26,Google Ads,Search - Genérico,168.74,4599,213,2,296.0
2026-09-26,Google Ads,Performance Max,146.14,3807,70,2,250.27
2026-09-26,LinkedIn Ads,Lead Gen - Decisores,153.39,942,11,1,833.78
2026-09-26,LinkedIn Ads,Conteúdo - Awareness,61.0,382,1,0,0.0
2026-09-26,Meta Ads,Remarketing - Site,63.26,2712,40,5,1212.11
2026-09-26,Meta Ads,Lead Ads - Lookalike,88.09,3927,46,3,518.31
2026-09-27,Google Ads,Search - Marca,93.77,2737,254,11,1803.06
2026-09-27,Google Ads,Search - Genérico,166.18,4571,201,1,131.1
2026-09-27,Google Ads,Performance Max,137.12,4301,70,1,182.85
2026-09-27,LinkedIn Ads,Lead Gen - Decisores,183.84,1192,12,3,2440.77
2026-09-27,LinkedIn Ads,Conteúdo - Awareness,63.75,387,2,0,0.0
2026-09-27,Meta Ads,Remarketing - Site,50.84,2447,37,1,146.13
2026-09-27,Meta Ads,Lead Ads - Lookalike,108.65,4488,53,3,501.09
2026-09-28,Google Ads,Search - Marca,133.95,3810,365,12,2352.26
2026-09-28,Google Ads,Search - Genérico,271.18,7196,289,4,548.23
2026-09-28,Google Ads,Performance Max,166.04,4285,69,2,220.81
2026-09-28,LinkedIn Ads,Lead Gen - Decisores,239.59,1483,15,4,1691.98
2026-09-28,LinkedIn Ads,Conteúdo - Awareness,99.43,566,2,0,0.0
2026-09-28,Meta Ads,Remarketing - Site,74.93,3632,48,0,0.0
2026-09-28,Meta Ads,Lead Ads - Lookalike,147.11,6761,79,6,1059.66
2026-09-29,Google Ads,Search - Marca,108.65,3323,293,21,3339.1
2026-09-29,Google Ads,Search - Genérico,220.09,6534,306,3,477.27
2026-09-29,Google Ads,Performance Max,167.47,5118,100,1,157.82
2026-09-29,LinkedIn Ads,Lead Gen - Decisores,242.99,1513,14,1,613.44
2026-09-29,LinkedIn Ads,Conteúdo - Awareness,74.22,481,2,0,0.0
2026-09-29,Meta Ads,Remarketing - Site,89.67,4423,66,4,713.61
2026-09-29,Meta Ads,Lead Ads - Lookalike,155.49,6417,80,10,1444.26
2026-09-30,Google Ads,Search - Marca,110.64,2896,268,15,3108.18
2026-09-30,Google Ads,Search - Genérico,227.34,6782,267,5,819.77
2026-09-30,Google Ads,Performance Max,170.82,5231,100,4,441.36
2026-09-30,LinkedIn Ads,Lead Gen - Decisores,184.42,1113,12,2,1672.06
2026-09-30,LinkedIn Ads,Conteúdo - Awareness,86.97,558,2,0,0.0
2026-09-30,Meta Ads,Remarketing - Site,77.69,3401,50,1,207.25
2026-09-30,Meta Ads,Lead Ads - Lookalike,178.65,8316,89,7,935.14
2026-10-01,Google Ads,Search - Marca,102.38,2921,249,10,1857.3
2026-10-01,Google Ads,Search - Genérico,284.02,7308,286,7,1388.9
2026-10-01,Google Ads,Performance Max,190.86,4977,79,2,213.25
2026-10-01,LinkedIn Ads,Lead Gen - Decisores,254.28,1678,20,1,635.01
2026-10-01,LinkedIn Ads,Conteúdo - Awareness,106.83,678,3,0,0.0
2026-10-01,Meta Ads,Remarketing - Site,90.99,3756,47,3,531.29
2026-10-01,Meta Ads,Lead Ads - Lookalike,135.86,5747,60,5,798.62
2026-10-02,Google Ads,Search - Marca,121.74,3382,318,15,1478.5
2026-10-02,Google Ads,Search - Genérico,231.35,6953,309,8,818.02
2026-10-02,Google Ads,Performance Max,154.97,4678,91,3,386.94
2026-10-02,LinkedIn Ads,Lead Gen - Decisores,192.17,1262,12,1,555.04
2026-10-02,LinkedIn Ads,Conteúdo - Awareness,107.05,663,3,0,0.0
2026-10-02,Meta Ads,Remarketing - Site,79.88,3978,53,4,422.67
2026-10-02,Meta Ads,Lead Ads - Lookalike,167.28,7893,79,4,908.41
2026-10-03,Google Ads,Search - Marca,70.47,2088,182,9,1390.88
2026-10-03,Google Ads,Search - Genérico,207.42,6155,245,7,1316.17
2026-10-03,Google Ads,Performance Max,130.93,3823,71,0,0.0
2026-10-03,LinkedIn Ads,Lead Gen - Decisores,176.42,1014,12,4,2956.3
2026-10-03,LinkedIn Ads,Conteúdo - Awareness,72.03,424,2,0,0.0
2026-10-03,Meta Ads,Remarketing - Site,46.48,2280,27,2,376.28
2026-10-03,Meta Ads,Lead Ads - Lookalike,96.43,4471,50,4,800.75
2026-10-04,Google Ads,Search - Marca,68.59,2119,192,5,898.03
2026-10-04,Google Ads,Search - Genérico,189.34,4924,220,5,562.39
2026-10-04,Google Ads,Performance Max,132.75,3873,67,4,529.17
2026-10-04,LinkedIn Ads,Lead Gen - Decisores,158.02,1031,12,2,1166.25
2026-10-04,LinkedIn Ads,Conteúdo - Awareness,73.58,425,1,0,0.0
2026-10-04,Meta Ads,Remarketing - Site,48.24,2107,32,2,211.41
2026-10-04,Meta Ads,Lead Ads - Lookalike,121.97,5004,58,3,717.82
2026-10-05,Google Ads,Search - Marca,142.57,3949,320,14,1677.56
2026-10-05,Google Ads,Search - Genérico,208.32,5752,263,6,808.81
2026-10-05,Google Ads,Performance Max,169.36,4517,87,0,0.0
2026-10-05,LinkedIn Ads,Lead Gen - Decisores,229.12,1427,17,4,1679.83
2026-10-05,LinkedIn Ads,Conteúdo - Awareness,94.05,562,3,0,0.0
2026-10-05,Meta Ads,Remarketing - Site,67.75,2877,40,5,642.48
2026-10-05,Meta Ads,Lead Ads - Lookalike,148.75,6844,82,6,892.28
